Title,Company,Location,Posted,Skills,Cluster
Senior Elixir Engineer,Sanctuary Computer,🌏 Worldwide,2025-08-13,"['ruby', 'django', 'javascript', 'node.js', 'python']",1
FullStack Engineer,NTD software,💃 Latin America,2025-08-12,"['react', 'devops', 'css', 'javascript']",2
Mobile Developer,The Biz Conquest,💃 Latin America,2025-08-10,[],0
Javascript Fullstack Engineer Senior,Lumenalta,🌏 Worldwide,2025-08-07,['javascript'],2
Senior Full Stack Engineer,FetLife,🌏 Worldwide,2025-08-06,"['ruby', 'sql', 'typescript', 'javascript', 'terraform', 'kubernetes']",3
Senior Python Backend Engineer,Orga AI,🌏 Worldwide,2025-07-26,"['aws', 'python']",1
Principal Software Engineer,CEF.Ai,🇪🇺 Europe,2025-07-29,[],1
WordPress Plugins & Themes developer,Melapress,🇪🇺 Europe,2025-07-22,"['devops', 'php', 'javascript']",0
Software engineer,Sticker Mule,💰 $140K - $180K,2025-07-28,"['kubernetes', 'docker']",1
Web Developer,MailerLite,🌏 Worldwide,2025-07-25,[],0
Senior Fullstack Developer,Swipe Games,🌏 Worldwide,2025-07-24,"['react', 'javascript', 'node.js']",2
Software Engineer Data Infrastructure & Acquisition,Speechify,🌏 Worldwide,2025-07-23,[],1
Content Producer Technical Content Engineer Junior Dev,Private.Ki,🌏 Worldwide,2025-07-21,[],2
Senior Full Stack Engineer,AMK Solutions,🌏 Worldwide,2025-07-19,[],3
Senior Backend Engineer,HockeyStack,🌏 Worldwide,2025-06-26,['javascript'],1
Tech Cofounder CTO,Founders Factory,🇪🇺 Europe,2025-05-29,[],0
Senior React Native SDK Engineer,Nami ML,🌏 Worldwide,2025-05-29,"['javascript', 'typescript']",1
Spanish Speaking Software Support Engineer,Payara,🌏 Worldwide,2025-05-26,['java'],1
Administrative Executive,Prime Design & Build,💃 Latin America,2025-04-19,[],4
Senior Software Engineer,Emergent Software,🌏 Probably Worldwide,2025-04-12,"['react', 'devops', 'javascript']",1
